13-12-12,-0.006199
14-12-12,0.0048022
17-12-12,-0.0036908
18-12-12,0.0066406
19-12-12,0.0055624
20-12-12,-0.0022262
21-12-12,-0.0116117
24-12-12,0.0013766
26-12-12,0.008513
27-12-12,-0.0060112
28-12-12,0.0065161
31-12-12,-0.0005501
03-01-13,0.0027114
04-01-13,0.0011066
07-01-13,-0.0046126
08-01-13,0.002221
09-01-13,-0.0050319
10-01-13,-0.0004773
11-01-13,-0.0029069
14-01-13,0.0122242
15-01-13,0.0054034
16-01-13,-0.0090397
17-01-13,0.0062231
18-01-13,0.0041727
21-01-13,0.0029516
22-01-13,-0.0055571
23-01-13,0.0009589
24-01-13,-0.0057727
25-01-13,0.009187
28-01-13,0.0000247
29-01-13,-0.0040989
30-01-13,0.000967
31-01-13,-0.0034678
01-02-13,-0.0059406
04-02-13,-0.001942
05-02-13,-0.0050691
06-02-13,0.0003862
07-02-13,-0.0034233
08-02-13,-0.0059439
11-02-13,-0.000957
12-02-13,0.0041795
13-02-13,0.0017645
14-02-13,-0.0060678
15-02-13,-0.0016195
18-02-13,0.0018345
19-02-13,0.007036
20-02-13,0.0005639
21-02-13,-0.0152783
22-02-13,-0.0003332
25-02-13,0.0007607
26-02-13,-0.0159528
27-02-13,0.0061704
28-02-13,-0.0179148
01-03-13,0.0046812
04-03-13,-0.0037065
05-03-13,0.0150478
06-03-13,0.0059386
07-03-13,0.0076822
08-03-13,0.0140536
11-03-13,-0.0005634
12-03-13,-0.004754
13-03-13,-0.0106356
14-03-13,0.0098698
15-03-13,-0.0061517
18-03-13,-0.0063601
19-03-13,-0.0153035
20-03-13,-0.0089716
21-03-13,-0.0062605
22-03-13,-0.0013077
25-03-13,-0.0030966
26-03-13,0.0013756
28-03-13,0.0072585
01-04-13,0.0038451
02-04-13,0.0076608
03-04-13,-0.0130826
04-04-13,-0.0173015
05-04-13,-0.0038567
08-04-13,-0.0018547
09-04-13,-0.0086326
10-04-13,0.011574
11-04-13,0.0063504
12-04-13,-0.0117001
15-04-13,0.0072081
16-04-13,0.021649
17-04-13,-0.0000439
18-04-13,0.0165943
22-04-13,0.0088706
23-04-13,0.0004285
25-04-13,0.0136031
26-04-13,-0.0075807
29-04-13,0.0055608
30-04-13,0.0044207
02-05-13,0.0116606
03-05-13,-0.009226
06-05-13,0.0045508
07-05-13,0.0121419
08-05-13,0.0042607
09-05-13,-0.0031552
10-05-13,0.0073717
13-05-13,-0.0187538
14-05-13,0.0024998
15-05-13,0.0252444
16-05-13,0.0037662
17-05-13,0.0028201
20-05-13,-0.0049133
21-05-13,-0.0069515
22-05-13,-0.0032057
23-05-13,-0.0209123
24-05-13,0.0027652
27-05-13,0.0166457
28-05-13,0.0046193
29-05-13,-0.0011373
30-05-13,0.0032354
31-05-13,-0.0225504
03-06-13,-0.0077933
04-06-13,-0.0033421
05-06-13,0.0007433
06-06-13,-0.0004136
07-06-13,-0.0068227
10-06-13,-0.0005101
11-06-13,-0.0151753
12-06-13,-0.0049405
13-06-13,-0.0106073
14-06-13,0.0191784
17-06-13,0.0071706
18-06-13,-0.0062307
19-06-13,0.0014879
20-06-13,-0.0285714
21-06-13,0.0020775
24-06-13,-0.0136564
25-06-13,0.003372
26-06-13,-0.0036369
27-06-13,0.016757
28-06-13,0.028131
01-07-13,0.0096967
02-07-13,-0.0070014
03-07-13,-0.0147929
04-07-13,0.0114454
05-07-13,0.0053024
08-07-13,-0.0096031
09-07-13,0.0081648
10-07-13,-0.0072196
11-07-13,0.0203552
12-07-13,0.0124513
15-07-13,0.0036279
16-07-13,-0.0125273
17-07-13,0.0030309
18-07-13,0.0108399
19-07-13,-0.0014656
22-07-13,0.0004312
23-07-13,0.0076262
24-07-13,-0.0143637
25-07-13,-0.0138553
26-07-13,-0.0036056
29-07-13,-0.0092675
30-07-13,-0.0131352
31-07-13,-0.0022675
01-08-13,-0.0024643
02-08-13,-0.0087206
05-08-13,0.0013209
06-08-13,-0.0251785
07-08-13,-0.004177
08-08-13,0.0084343
12-08-13,0.0083997
13-08-13,0.0154836
14-08-13,0.0075448
16-08-13,-0.0408285
19-08-13,-0.0169032
20-08-13,-0.0024562
21-08-13,-0.01831
22-08-13,0.0199716
23-08-13,0.0117039
26-08-13,0.0008681
27-08-13,-0.0345202
28-08-13,-0.0004634
29-08-13,0.0234721
30-08-13,0.0116009
02-09-13,0.0144286
03-09-13,-0.0377066
04-09-13,0.0199665
05-09-13,0.0265873
06-09-13,0.0156357
10-09-13,0.0380871
11-09-13,0.0027812
12-09-13,-0.0105612
13-09-13,-0.0000171
16-09-13,-0.0017178
17-09-13,0.0016523
18-09-13,0.0084185
19-09-13,0.0366305
20-09-13,-0.0169158
23-09-13,-0.0203506
24-09-13,0.0004585
25-09-13,-0.0031566
26-09-13,0.0014301
27-09-13,-0.0083386
30-09-13,-0.0167833
01-10-13,0.0078026
03-10-13,0.0224307
04-10-13,-0.0004062
07-10-13,-0.0001947
08-10-13,0.0037673
09-10-13,0.0133342
10-10-13,0.0022472
11-10-13,0.012498
14-10-13,0.0027066
15-10-13,-0.0038691
17-10-13,-0.0070947
18-10-13,0.0237353
21-10-13,0.0025205
22-10-13,-0.0003466
23-10-13,-0.0039417
24-10-13,-0.002266
25-10-13,-0.0031553
28-10-13,-0.0071278
29-10-13,0.0196358
30-10-13,0.0049511
31-10-13,0.0075899
01-11-13,0.001278
05-11-13,-0.0085696
06-11-13,-0.0060769
07-11-13,-0.004489
08-11-13,-0.0075155
11-11-13,-0.0100884
12-11-13,-0.0099937
13-11-13,-0.0047274
14-11-13,0.0111109
18-11-13,0.0219364
19-11-13,0.0023186
20-11-13,-0.0129688
21-11-13,-0.0202274
22-11-13,-0.0006
25-11-13,0.0199985
26-11-13,-0.0091982
27-11-13,-0.0003301
28-11-13,0.0057371
29-11-13,0.01383
02-12-13,0.0067599
03-12-13,-0.0025732
04-12-13,-0.0065948
05-12-13,0.0130093
06-12-13,0.0030123
09-12-13,0.0166137
10-12-13,-0.0048791
11-12-13,-0.0039398
12-12-13,-0.011232
13-12-13,-0.0110068
16-12-13,-0.002221
17-12-13,-0.0025428
18-12-13,0.0127219
19-12-13,-0.0081227
20-12-13,0.0174487
23-12-13,0.0016337
24-12-13,-0.0025619
26-12-13,0.0016751
27-12-13,0.0055583
30-12-13,-0.0035953
31-12-13,0.0020505
03-01-14,-0.0016074
06-01-14,-0.0031717
07-01-14,-0.0047162
08-01-14,0.0020042
09-01-14,-0.0010122
10-01-14,0.0005026
13-01-14,0.0164143
14-01-14,-0.0049261
15-01-14,0.0126645
16-01-14,-0.0003164
17-01-14,-0.0090601
20-01-14,0.0067555
21-01-14,0.0015625
22-01-14,0.0039834
23-01-14,0.0010569
24-01-14,-0.0124337
27-01-14,-0.020888
28-01-14,-0.0015646
29-01-14,-0.0009794
30-01-14,-0.0076059
31-01-14,0.0026013
03-02-14,-0.0144019
04-02-14,-0.0001499
05-02-14,0.0035828
06-02-14,0.002308
07-02-14,0.0044564
10-02-14,-0.0016081
11-02-14,0.0015281
12-02-14,0.0035133
13-02-14,-0.0136259
14-02-14,0.0078736
19-02-14,0.0041863
20-02-14,-0.009963
21-02-14,0.0105065
24-02-14,0.0049793
25-02-14,0.002255
26-02-14,0.00625
28-02-14,0.006115
03-03-14,-0.0088419
04-03-14,0.0122962
05-03-14,0.0048746
06-03-14,0.0114558
07-03-14,0.0196059
10-03-14,0.0016241
11-03-14,-0.0038778
12-03-14,0.0007678
13-03-14,-0.003652
14-03-14,0.0017095
18-03-14,0.0019141
19-03-14,0.0011355
20-03-14,-0.0062767
21-03-14,0.0015579
25-03-14,0.0009493
26-03-14,0.0017679
27-03-14,0.0061124
28-03-14,0.008153
31-03-14,0.0012396
01-04-14,0.0025133
02-04-14,0.0046868
03-04-14,-0.0024361
04-04-14,-0.0061979
07-04-14,0.0001045
09-04-14,0.0151082
10-04-14,0.0000294
11-04-14,-0.0029575
15-04-14,-0.0063751
16-04-14,-0.0085845
17-04-14,0.0155948
21-04-14,0.0056421
22-04-14,-0.0003373
23-04-14,0.0037342
28-04-14,-0.0031698
29-04-14,-0.0068035
30-04-14,-0.0028071
02-05-14,-0.0002389
05-05-14,0.0006797
06-05-14,0.0023808
07-05-14,-0.0093443
08-05-14,0.0010974
09-05-14,0.029873
12-05-14,0.0226643
13-05-14,0.0134726
14-05-14,0
15-05-14,0.0020257
16-05-14,0.0112099
19-05-14,0.0084062
20-05-14,0.0016452
21-05-14,-0.0031063
22-05-14,0.0032401
23-05-14,0.012465
26-05-14,-0.0010927
27-05-14,-0.0055781
28-05-14,0.001592
29-05-14,-0.0128246
30-05-14,-0.0007877
02-06-14,0.0183334
03-06-14,0.0072462
04-06-14,-0.0018339
05-06-14,0.0097065
06-06-14,0.0146238
09-06-14,0.009389
10-06-14,0.0002351
11-06-14,-0.0038595
12-06-14,0.0030222
13-06-14,-0.0140917
16-06-14,-0.0011337
17-06-14,0.0130284
18-06-14,-0.0096309
19-06-14,-0.0023154
20-06-14,-0.003879
23-06-14,-0.0024097
24-06-14,0.0115903
25-06-14,-0.0014446
26-06-14,-0.0100472
27-06-14,0.0020818
30-06-14,0.0136573
01-07-14,0.0030678
02-07-14,0.0118472
03-07-14,-0.0013398
04-07-14,0.0047701
07-07-14,0.0045861
08-07-14,-0.0210539
09-07-14,-0.005011
10-07-14,-0.0022742
11-07-14,-0.0142909
14-07-14,-0.0007306
15-07-14,0.0097261
16-07-14,0.0129872
17-07-14,0.0021051
18-07-14,0.0030692
21-07-14,0.0026488
22-07-14,0.010886
23-07-14,0.0035917
24-07-14,0.0044704
25-07-14,-0.0051273
28-07-14,-0.0053591
30-07-14,0.0055106
31-07-14,-0.0089971
01-08-14,-0.015373
04-08-14,0.0106608
05-08-14,0.0081862
06-08-14,-0.0096172
07-08-14,-0.0029718
08-08-14,-0.0105501
11-08-14,0.0075841
12-08-14,0.0132573
13-08-14,0.0016177
14-08-14,0.0067382
18-08-14,0.0105946
19-08-14,0.0029527
20-08-14,-0.002811
21-08-14,0.0020063
22-08-14,0.0028006
25-08-14,-0.000872
26-08-14,-0.000196
27-08-14,0.0039596
28-08-14,0.002306
01-09-14,0.0092214
02-09-14,0.0068948
03-09-14,0.0039033
04-09-14,-0.0022983
05-09-14,-0.001124
08-09-14,0.0107644
09-09-14,-0.002563
10-09-14,-0.0072183
11-09-14,-0.0010378
12-09-14,0.0024487
15-09-14,-0.0078342
16-09-14,-0.0135663
17-09-14,0.0053701
18-09-14,0.0174597
19-09-14,0.0008257
22-09-14,0.0030598
23-09-14,-0.0158047
24-09-14,-0.0018896
25-09-14,-0.0113153
26-09-14,0.0072044
29-09-14,-0.0012486
30-09-14,0.0007413
01-10-14,-0.0024169
07-10-14,-0.0117235
08-10-14,-0.0012353
09-10-14,0.0150267
10-10-14,-0.0126373
13-10-14,0.0030916
14-10-14,-0.0025684
17-10-14,0.0040655
20-10-14,0.0128154
21-10-14,0.0061363
22-10-14,0.0085964
27-10-14,-0.0005252
28-10-14,0.0044921
29-10-14,0.0078293
30-10-14,0.0097337
31-10-14,0.0187289
03-11-14,0.0002343
05-11-14,0.0016998
07-11-14,-0.0001559
10-11-14,0.0008696
11-11-14,0.0022052
12-11-14,0.0024692
13-11-14,-0.0030358
14-11-14,0.0038348
17-11-14,0.0048689
18-11-14,-0.0005752
19-11-14,-0.0051746
20-11-14,0.0023383
21-11-14,0.00898
24-11-14,0.0062285
25-11-14,-0.0078604
26-11-14,0.0014948
27-11-14,0.0021768
28-11-14,0.0110722
01-12-14,-0.0037667
02-12-14,-0.0036466
03-12-14,0.0015191
04-12-14,0.0031332
05-12-14,-0.0030476
08-12-14,-0.0117178
09-12-14,-0.0115604
10-12-14,0.0017924
11-12-14,-0.0075099
12-12-14,-0.0082963
15-12-14,-0.0005472
16-12-14,-0.0184923
17-12-14,-0.0046854
18-12-14,0.0161274
19-12-14,0.0080767
22-12-14,0.0120118
23-12-14,-0.0068477
24-12-14,-0.0112374
26-12-14,0.0032542
29-12-14,0.0055605
30-12-14,0.0002365
31-12-14,0.0041767
05-01-15,-0.0020308
06-01-15,-0.029964
07-01-15,-0.0031068
08-01-15,0.0163537
09-01-15,0.0060598
12-01-15,0.0046472
13-01-15,-0.0028355
14-01-15,-0.0026328
15-01-15,0.0261672
16-01-15,0.0023133
19-01-15,0.0043342
20-01-15,0.0169459
21-01-15,0.0038986
22-01-15,0.0036543
23-01-15,0.0084689
27-01-15,0.0084771
28-01-15,0.0004264
29-01-15,0.0042684
30-01-15,-0.0160236
02-02-15,-0.0013055
03-02-15,-0.0046435
04-02-15,-0.0037514
05-02-15,-0.0013756
06-02-15,-0.0058141
09-02-15,-0.0155524
10-02-15,0.0045975
11-02-15,0.0072209
12-02-15,0.0097537
13-02-15,0.0107846
16-02-15,0.0004372
18-02-15,0.0067826
19-02-15,0.0029541
20-02-15,-0.0069363
23-02-15,-0.0089034
24-02-15,0.0008166
25-02-15,0.0005878
26-02-15,-0.0095127
27-02-15,0.0185114
03-03-15,0.0044101
04-03-15,-0.0081811
05-03-15,0.0016923
09-03-15,-0.0202512
10-03-15,-0.0051047
11-03-15,-0.0013888
12-03-15,0.0087414
13-03-15,-0.0146137
16-03-15,-0.0016883
17-03-15,0.0104422
18-03-15,-0.0042873
19-03-15,-0.0059004
20-03-15,-0.007383
23-03-15,-0.0023335
24-03-15,-0.0009298
25-03-15,-0.0014223
26-03-15,-0.0221139
27-03-15,-0.0000899
30-03-15,0.0180904
31-03-15,-0.0001531
01-04-15,0.0112178
06-04-15,0.0085777
07-04-15,0.0000461
08-04-15,0.006247
09-04-15,0.0073326
10-04-15,0.0002335
13-04-15,0.0061103
17-04-15,-0.0115658
20-04-15,-0.0183477
21-04-15,-0.0083273
22-04-15,0.006201
23-04-15,-0.003725
24-04-15,-0.0110796
27-04-15,-0.0110111
28-04-15,0.0087414
29-04-15,-0.0055337
30-04-15,-0.0070694
04-05-15,0.0183891
05-05-15,-0.0008582
06-05-15,-0.027364
07-05-15,-0.0049031
08-05-15,0.0166557
11-05-15,0.0163279
12-05-15,-0.0238191
13-05-15,0.0133506
14-05-15,-0.001366
15-05-15,0.0046387
18-05-15,0.0134708
19-05-15,-0.0009554
20-05-15,0.0068853
21-05-15,-0.0002671
22-05-15,0.0045066
25-05-15,-0.010486
26-05-15,-0.0036917
27-05-15,-0.0005696
28-05-15,-0.0018717
29-05-15,0.0137818
01-06-15,-0.0000296
02-06-15,-0.0233536
03-06-15,-0.0123051
04-06-15,-0.000547
05-06-15,-0.0019617
08-06-15,-0.0086941
09-06-15,-0.0027038
10-06-15,0.0127207
11-06-15,-0.0195829
12-06-15,0.0022033
15-06-15,0.0038833
16-06-15,0.0041677
17-06-15,0.0054987
18-06-15,0.0102638
19-06-15,0.0061593
22-06-15,0.0155806
23-06-15,0.0034059
24-06-15,-0.0024697
25-06-15,0.0044434
26-06-15,-0.0020124
29-06-15,-0.007481
30-06-15,0.0060227
01-07-15,0.0101033
02-07-15,-0.0009641
03-07-15,0.0047366
06-07-15,0.0043902
07-07-15,-0.0013319
08-07-15,-0.0173603
09-07-15,-0.0041253
10-07-15,0.0038422
13-07-15,0.0118534
14-07-15,-0.0006561
15-07-15,0.0082445
16-07-15,0.0098841
17-07-15,0.0002091
20-07-15,-0.0007433
21-07-15,-0.0086012
22-07-15,0.0121989
23-07-15,-0.0050617
24-07-15,-0.0079455
27-07-15,-0.0188404
28-07-15,-0.0028705
29-07-15,0.004564
30-07-15,0.0055821
31-07-15,0.013186
03-08-15,0.0011954
04-08-15,-0.0030609
05-08-15,0.0059939
06-08-15,0.002416
07-08-15,-0.0028003
10-08-15,-0.0045536
11-08-15,-0.0074188
12-08-15,-0.0133414
13-08-15,0.0007664
14-08-15,0.0194714
17-08-15,-0.0048424
18-08-15,-0.0012681
19-08-15,0.0033781
20-08-15,-0.0144083
21-08-15,-0.0086949
24-08-15,-0.059151
25-08-15,0.0091817
26-08-15,-0.0112744
27-08-15,0.0201621
28-08-15,0.0066675
31-08-15,-0.0038304
01-09-15,-0.0232647
02-09-15,-0.008843
03-09-15,0.0137359
04-09-15,-0.0214688
07-09-15,-0.0125734
08-09-15,0.0171258
09-09-15,0.0169545
10-09-15,-0.003901
11-09-15,0.000154
14-09-15,0.0106492
15-09-15,-0.0054813
16-09-15,0.0089474
18-09-15,0.0104758
21-09-15,-0.0006013
22-09-15,-0.0206968
23-09-15,0.0043459
24-09-15,0.0028741
28-09-15,-0.0092521
29-09-15,0.0061059
30-09-15,0.0134637
01-10-15,0.0002516
05-10-15,0.02118
06-10-15,0.0041383
07-10-15,0.0030051
08-10-15,-0.0058759
09-10-15,0.0074237
12-10-15,-0.005629
13-10-15,-0.0014613
14-10-15,-0.0029269
15-10-15,0.0088309
16-10-15,0.0071704
19-10-15,0.0044791
20-10-15,-0.0016193
21-10-15,-0.0012044
23-10-15,0.0053019
26-10-15,-0.0042072
27-10-15,-0.0033472
28-10-15,-0.0074943
29-10-15,-0.0072756
30-10-15,-0.0056646
02-11-15,-0.0018597
03-11-15,0.0012297
04-11-15,-0.0025432
05-11-15,-0.0105408
06-11-15,-0.0001446
09-11-15,-0.0049155
10-11-15,-0.0166578
13-11-15,-0.0027109
16-11-15,0.0057136
17-11-15,0.0039646
18-11-15,-0.0134927
19-11-15,0.0143499
20-11-15,0.0017596
23-11-15,-0.0009291
24-11-15,-0.0022486
26-11-15,0.0066653
27-11-15,0.0074711
30-11-15,-0.000938
01-12-15,0.0024763
02-12-15,-0.0029604
03-12-15,-0.0084727
04-12-15,-0.0104589
07-12-15,-0.0021203
08-12-15,-0.008203
09-12-15,-0.0115819
10-12-15,0.0093005
11-12-15,-0.0094816
14-12-15,0.0052033
15-12-15,0.006647
16-12-15,0.0064927
17-12-15,0.0120567
18-12-15,-0.0105044
21-12-15,0.0093404
22-12-15,-0.0061715
23-12-15,0.0102555
24-12-15,-0.000623
28-12-15,0.0081541
29-12-15,0.0004795
30-12-15,-0.0041242
31-12-15,0.0063448
05-01-16,-0.0008535
06-01-16,-0.0056072
07-01-16,-0.0223098
08-01-16,0.0043669
11-01-16,-0.0049333
12-01-16,-0.0070798
13-01-16,0.0069372
14-01-16,-0.0033852
15-01-16,-0.0131355
18-01-16,-0.0116701
19-01-16,0.0114406
20-01-16,-0.0169198
21-01-16,-0.0044464
22-01-16,0.0200157
25-01-16,0.0018457
27-01-16,0.0002152
28-01-16,-0.0017613
29-01-16,0.0187079
01-02-16,-0.0010048
02-02-16,-0.0132876
03-02-16,-0.0125745
04-02-16,0.0057323
05-02-16,0.0114938
08-02-16,-0.0135998
09-02-16,-0.0120545
10-02-16,-0.0113042
11-02-16,-0.0331707
12-02-16,0.0006594
15-02-16,0.026071
16-02-16,-0.016013
17-02-16,0.0085412
18-02-16,0.0117184
19-02-16,0.0026419
22-02-16,0.0033006
23-02-16,-0.0172782
24-02-16,-0.0127785
25-02-16,-0.0068531
26-02-16,0.0084856
29-02-16,-0.0060742
01-03-16,0.0336694
02-03-16,0.0202914
03-03-16,0.0144867
04-03-16,0.0013042
08-03-16,-0.0000067
09-03-16,0.0062122
10-03-16,-0.006061
11-03-16,0.0032126
14-03-16,0.0038015
15-03-16,-0.0103664
16-03-16,0.0051135
17-03-16,0.0018403
18-03-16,0.0122196
21-03-16,0.0131372
22-03-16,0.0013823
23-03-16,0.0002074
28-03-16,-0.0131407
29-03-16,-0.0023769
30-03-16,0.0181914
31-03-16,0.0004137
01-04-16,-0.0032759
04-04-16,0.0059315
05-04-16,-0.0200546
06-04-16,0.0014665
07-04-16,-0.0089174
08-04-16,0.0011595
11-04-16,0.0153801
12-04-16,0.0048948
13-04-16,0.0183553
18-04-16,0.0081842
20-04-16,0.0000063
21-04-16,-0.0003412
22-04-16,-0.0016115
25-04-16,-0.0056018
26-04-16,0.0136982
27-04-16,0.0021664
28-04-16,-0.016623
29-04-16,0.0003249
02-05-16,-0.0055925
03-05-16,-0.0075456
04-05-16,-0.0052214
05-05-16,0.0037566
06-05-16,-0.000265
09-05-16,0.0171462
10-05-16,0.002765
11-05-16,-0.004938
12-05-16,0.0065678
13-05-16,-0.0108222
16-05-16,0.005867
17-05-16,0.0038164
18-05-16,-0.0026107
19-05-16,-0.0110227
20-05-16,-0.0043297
23-05-16,-0.0024066
24-05-16,0.0023024
25-05-16,0.02401
26-05-16,0.0169819
27-05-16,0.0107811
30-05-16,0.0026788
31-05-16,-0.0022498
01-06-16,0.0024326
02-06-16,0.0047678
03-06-16,0.000225
06-06-16,-0.0024024
07-06-16,0.0079746
08-06-16,0.0007984
09-06-16,-0.0083948
10-06-16,-0.0040896
13-06-16,-0.0072765
14-06-16,-0.0002158
15-06-16,0.0120547
16-06-16,-0.008024
17-06-16,0.0036176
20-06-16,0.0083596
21-06-16,-0.0022576
22-06-16,-0.0019709
23-06-16,0.0081366
24-06-16,-0.0219879
27-06-16,0.0007542
28-06-16,0.0040953
29-06-16,0.009369
30-06-16,0.0102084
01-07-16,0.0048987
04-07-16,0.0050851
05-07-16,-0.0041514
07-07-16,0.000234
08-07-16,-0.0017631
11-07-16,0.0173852
12-07-16,0.0062766
13-07-16,-0.0001819
14-07-16,0.0053407
15-07-16,-0.0027554
18-07-16,-0.0038284
19-07-16,0.0023329
20-07-16,0.0043735
21-07-16,-0.0065084
22-07-16,0.0036546
25-07-16,0.0110582
26-07-16,-0.005211
27-07-16,0.0029275
28-07-16,0.0058613
29-07-16,-0.0032078
01-08-16,-0.0002258
02-08-16,-0.0015804
03-08-16,-0.0090516
04-08-16,0.0007314
05-08-16,0.0154426
08-08-16,0.0032476
09-08-16,-0.0037996
10-08-16,-0.011863
11-08-16,0.001965
17-08-16,-0.0021406
18-08-16,0.005705
19-08-16,-0.0007321
22-08-16,-0.0043557
23-08-16,0.0003997
24-08-16,0.0020504
25-08-16,-0.0067165
26-08-16,-0.002287
29-08-16,0.0040712
30-08-16,0.0159048
31-08-16,0.004786
01-09-16,-0.0013145
02-09-16,0.0039888
06-09-16,0.0151368
07-09-16,-0.0028011
08-09-16,0.0038742
09-09-16,-0.0095839
12-09-16,-0.0170414
14-09-16,0.0012621
15-09-16,0.0018278
16-09-16,0.0042665
19-09-16,0.0032519
20-09-16,-0.0036897
21-09-16,0.0001424
22-09-16,0.0102881
23-09-16,-0.0040486
26-09-16,-0.0122855
27-09-16,-0.0019087
28-09-16,0.0044507
29-09-16,-0.0175984
30-09-16,0.0023164
03-10-16,0.0147424
04-10-16,0.0035535
05-10-16,-0.0028737
06-10-16,-0.0039342
07-10-16,-0.0013721
10-10-16,0.0012877
13-10-16,-0.0155533
14-10-16,0.0011723
17-10-16,-0.0073397
18-10-16,0.018485
19-10-16,-0.0021665
20-10-16,0.0046542
21-10-16,-0.00073
24-10-16,0.0018291
25-10-16,-0.0020267
26-10-16,-0.0087501
28-10-16,0.0026407
01-11-16,-0.0013603
02-11-16,-0.0130126
03-11-16,-0.003412
04-11-16,-0.0060342
07-11-16,0.0075055
08-11-16,0.0054725
09-11-16,-0.0130566
10-11-16,0.0111184
11-11-16,-0.0269126
15-11-16,-0.0226426
16-11-16,0.0003885
17-11-16,-0.0039018
18-11-16,-0.000724
21-11-16,-0.0179587
22-11-16,0.0092318
23-11-16,0.0038739
24-11-16,-0.0084398
25-11-16,0.0186805
28-11-16,0.0015528
29-11-16,0.0018765
30-11-16,0.010114
01-12-16,-0.0038421
02-12-16,-0.0129503
05-12-16,0.0051875
06-12-16,0.0017715
07-12-16,-0.0050472
08-12-16,0.017872
09-12-16,0.0018068
12-12-16,-0.0110086
13-12-16,0.0062417
14-12-16,-0.004786
15-12-16,-0.0035259
16-12-16,-0.0017354
19-12-16,-0.0043123
20-12-16,-0.0027084
21-12-16,-0.0026106
22-12-16,-0.0101968
23-12-16,0.0008334
26-12-16,-0.0097048
27-12-16,0.0157557
28-12-16,0.000249
29-12-16,0.0085565
30-12-16,0.0101436
02-01-17,-0.0007696
03-01-17,0.0015588
04-01-17,-0.0002136
05-01-17,0.0101703
06-01-17,-0.0036259
09-01-17,-0.0009401
10-01-17,0.0063805
11-01-17,0.0111057
12-01-17,0.003168
13-01-17,-0.0008148
16-01-17,0.0014821
17-01-17,-0.0017592
18-01-17,0.0022624
19-01-17,0.0021504
20-01-17,-0.0101659
23-01-17,0.0050483
24-01-17,0.0100459
25-01-17,0.014978
27-01-17,0.0044753
30-01-17,-0.0009837
31-01-17,-0.0082766
01-02-17,0.0181165
02-02-17,0.0020478
03-02-17,0.0007671
06-02-17,0.0068756
07-02-17,-0.0037211
08-02-17,0.0000855
09-02-17,0.0010663
10-02-17,0.0017258
13-02-17,0.0013078
14-02-17,-0.001448
15-02-17,-0.0076885
16-02-17,0.0061091
17-02-17,0.0049784
20-02-17,0.006518
21-02-17,0.0032266
22-02-17,0.0021387
23-02-17,0.0014114
27-02-17,-0.0047877
28-02-17,-0.0019221
01-03-17,0.0074553
02-03-17,-0.0051476
03-03-17,-0.0002472
06-03-17,0.0074066
07-03-17,-0.0018464
08-03-17,-0.0025261
09-03-17,0.0003026
10-03-17,0.0008457
14-03-17,0.017063
15-03-17,-0.0002421
16-03-17,0.0075841
17-03-17,0.0006937
20-03-17,-0.0036245
21-03-17,-0.0005861
22-03-17,-0.0099819
23-03-17,0.0061846
24-03-17,0.0023882
27-03-17,-0.006895
28-03-17,0.0061469
29-03-17,0.0047249
30-03-17,0.0032755
03-04-17,0.0069873
05-04-17,0.0029553
06-04-17,-0.0003454
07-04-17,-0.0068722
10-04-17,-0.0018318
11-04-17,0.0060502
12-04-17,-0.0036321
13-04-17,-0.0057207
17-04-17,-0.0012567
18-04-17,-0.0037365
19-04-17,-0.0001813
20-04-17,0.003614
21-04-17,-0.0018607
24-04-17,0.0108066
25-04-17,0.009617
26-04-17,0.0048621
27-04-17,-0.0010371
28-04-17,-0.0040784
02-05-17,0.0010479
03-05-17,-0.0001986
04-05-17,0.0051493
05-05-17,-0.0079702
08-05-17,0.0030963
09-05-17,0.0003006
10-05-17,0.0097082
11-05-17,0.0016052
12-05-17,-0.0022818
15-05-17,0.0047336
16-05-17,0.0070775
17-05-17,0.0014192
18-05-17,-0.0101094
19-05-17,-0.0001644
22-05-17,0.0010978
23-05-17,-0.0055201
24-05-17,-0.0027275
25-05-17,0.0159393
26-05-17,0.008975
29-05-17,0.0010214
30-05-17,0.0020458
31-05-17,-0.0003429
01-06-17,-0.0005353
02-06-17,0.0038894
05-06-17,0.0022375
06-06-17,-0.0039224
07-06-17,0.0027757
08-06-17,-0.0017229
09-06-17,0.0021768
12-06-17,-0.0053629
13-06-17,-0.0009879
14-06-17,0.001171
15-06-17,-0.0041693
16-06-17,0.0010441
19-06-17,0.0072486
20-06-17,-0.0004193
21-06-17,-0.0020615
22-06-17,-0.0003737
23-06-17,-0.0057165
27-06-17,-0.0066371
28-06-17,-0.0021186
29-06-17,0.0013538
30-06-17,0.0017677
03-07-17,0.0098835
04-07-17,-0.0001768
05-07-17,0.0025277
06-07-17,0.003834
07-07-17,-0.0009044
10-07-17,0.0108889
11-07-17,0.0015351
12-07-17,0.0030707
13-07-17,0.0077017
14-07-17,-0.0005409
17-07-17,0.0029941
18-07-17,-0.0089552
19-07-17,0.0073724
20-07-17,-0.0026567
21-07-17,0.0042489
24-07-17,0.0051588
25-07-17,-0.0001857
26-07-17,0.00563
27-07-17,-0.00001
28-07-17,-0.0006037
31-07-17,0.0062509
01-08-17,0.0037263
02-08-17,-0.0032775
03-08-17,-0.0067301
04-08-17,0.0052678
07-08-17,-0.0008941
08-08-17,-0.0078401
09-08-17,-0.0070652
10-08-17,-0.0088615
11-08-17,-0.0111454
14-08-17,0.0085833
16-08-17,0.0105317
17-08-17,0.0006922
18-08-17,-0.0067396
21-08-17,-0.0084424
22-08-17,0.0011482
23-08-17,0.0089038
24-08-17,0.0004618
28-08-17,0.0056559
29-08-17,-0.0117777
30-08-17,0.009019
31-08-17,0.0033892
01-09-17,0.0056968
04-09-17,-0.0061709
05-09-17,0.0039697
06-09-17,-0.0036173
07-09-17,0.0013816
08-09-17,0.0004934
11-09-17,0.0071718
12-09-17,0.0086947
13-09-17,-0.0013623
14-09-17,0.0007242
15-09-17,-0.0001189
18-09-17,0.0067126
19-09-17,-0.0005466
20-09-17,-0.0006306
21-09-17,-0.0018982
22-09-17,-0.0155603
25-09-17,-0.0092129
26-09-17,-0.0001114
27-09-17,-0.0137517
28-09-17,0.0034101
29-09-17,0.0020114
03-10-17,0.0072432
04-10-17,0.005619
05-10-17,-0.0026425
06-10-17,0.0092024
09-10-17,0.0009068
10-10-17,0.0028232
11-10-17,-0.0032096
12-10-17,0.011177
13-10-17,0.0070371
16-10-17,0.0062355
17-10-17,0.0003519
18-10-17,-0.002306
19-10-17,-0.0062972
23-10-17,0.0037747
24-10-17,0.0022436
25-10-17,0.0085866
26-10-17,0.004706
27-10-17,-0.002006
30-10-17,0.003933
31-10-17,-0.0027356
01-11-17,0.0101787
02-11-17,-0.0015996
03-11-17,0.0027533
06-11-17,-0.000067
07-11-17,-0.0097255
08-11-17,-0.004541
09-11-17,0.0005629
10-11-17,0.0012416
13-11-17,-0.0093782
14-11-17,-0.0037507
15-11-17,-0.0067294
16-11-17,0.0095572
17-11-17,0.0067402
20-11-17,0.0014733
21-11-17,0.0027334
22-11-17,0.0014912
23-11-17,0.0006237
24-11-17,0.003957
27-11-17,0.000948
28-11-17,-0.0028174
29-11-17,-0.0008631
30-11-17,-0.0130051
01-12-17,-0.0102429
04-12-17,0.0005879
05-12-17,-0.000938
06-12-17,-0.0073284
07-12-17,0.0122062
08-12-17,0.0097328
11-12-17,0.0055135
12-12-17,-0.0079537
13-12-17,-0.0046093
14-12-17,0.005803
15-12-17,0.0079155
18-12-17,0.005371
19-12-17,0.0071664
20-12-17,-0.0018159
21-12-17,-0.0003735
22-12-17,0.0050478
26-12-17,0.0036691
27-12-17,-0.0038693
28-12-17,-0.0012249
29-12-17,0.0050392
03-01-18,0.0000958
04-01-18,0.0058985
05-01-18,0.0051452
08-01-18,0.0061323
09-01-18,0.0012614
10-01-18,-0.0004512
11-01-18,0.001787
12-01-18,0.0028213
15-01-18,0.0056454
16-01-18,-0.0038262
17-01-18,0.0082333
18-01-18,0.0026371
19-01-18,0.0071832
22-01-18,0.0065628
23-01-18,0.0107147
24-01-18,0.0002075
25-01-18,-0.0014748
29-01-18,0.005488
30-01-18,-0.0072549
31-01-18,-0.0019865
01-02-18,-0.0009793
02-02-18,-0.0232643
05-02-18,-0.0087402
06-02-18,-0.0157783
07-02-18,-0.0020527
08-02-18,0.0095593
09-02-18,-0.0115251
12-02-18,0.008111
14-02-18,-0.003686
15-02-18,0.0042472
16-02-18,-0.0088379
19-02-18,-0.0070702
20-02-18,-0.0017344
21-02-18,0.0035761
22-02-18,-0.0014186
23-02-18,0.0104356
26-02-18,0.0087265
27-02-18,-0.0026742
28-02-18,-0.0058223
01-03-18,-0.003288
05-03-18,-0.0095139
06-03-18,-0.0105803
07-03-18,-0.0092738
08-03-18,0.0087107
09-03-18,-0.0015426
12-03-18,0.0190235
13-03-18,0.0005229
14-03-18,-0.0015296
15-03-18,-0.0048747
16-03-18,-0.0159264
19-03-18,-0.0098969
20-03-18,0.0029819
21-03-18,0.0030521
22-03-18,-0.0039881
23-03-18,-0.0115376
26-03-18,0.0132626
27-03-18,0.005281
28-03-18,-0.0069176
02-04-18,0.0096997
03-04-18,0.0032512
04-04-18,-0.0113811
05-04-18,0.0194256
06-04-18,0.0006246
09-04-18,0.0046217
10-04-18,0.0022063
11-04-18,0.0014324
12-04-18,0.0039838
13-04-18,0.0020987
16-04-18,0.004556
17-04-18,0.0019329
18-04-18,-0.002133
19-04-18,0.0037145
20-04-18,-0.0001183
23-04-18,0.0019548
24-04-18,0.0028012
25-04-18,-0.0041265
26-04-18,0.00447
27-04-18,0.0070165
30-04-18,0.0044003
02-05-18,-0.0019833
03-05-18,-0.0035827
04-05-18,-0.0057493
07-05-18,0.0091588
08-05-18,0.0002146
09-05-18,0.00223
10-05-18,-0.0023414
11-05-18,0.0083936
14-05-18,0.0000092
15-05-18,-0.0004395
16-05-18,-0.005624
17-05-18,-0.005437
18-05-18,-0.0080785
21-05-18,-0.0075214
22-05-18,0.0019017
23-05-18,-0.0100933
24-05-18,0.0080055
25-05-18,0.0086839
28-05-18,0.0078735
29-05-18,-0.0051784
30-05-18,-0.0017822
31-05-18,0.0114751
01-06-18,-0.0037211
04-06-18,-0.0063294
05-06-18,-0.0033259
06-06-18,0.0086377
07-06-18,0.0078336
08-06-18,-0.0000649
11-06-18,0.0017924
12-06-18,0.0051821
13-06-18,0.0012774
14-06-18,-0.0044811
15-06-18,0.0008929
18-06-18,-0.0016501
19-06-18,-0.0082778
20-06-18,0.0057514
21-06-18,-0.0028732
22-06-18,0.0075179
25-06-18,-0.0054888
26-06-18,0.0006226
27-06-18,-0.0090769
28-06-18,-0.0077123
29-06-18,0.0118235
02-07-18,-0.00532
03-07-18,0.0039973
04-07-18,0.0065421
05-07-18,-0.001871
06-07-18,0.0021303
09-07-18,0.0074494
10-07-18,0.0086935
11-07-18,0.0000959
12-07-18,0.0068413
13-07-18,-0.0003901
16-07-18,-0.0074464
17-07-18,0.0065101
18-07-18,-0.0025072
19-07-18,-0.0021266
20-07-18,0.0048462
23-07-18,0.006771
24-07-18,0.0044701
25-07-18,-0.0002066
26-07-18,0.003171
27-07-18,0.0099442
30-07-18,0.003653
31-07-18,0.0032643
01-08-18,-0.000907
02-08-18,-0.0089457
03-08-18,0.0103248
06-08-18,0.002315
07-08-18,0.0002064
08-08-18,0.0053163
09-08-18,0.0018079
10-08-18,-0.0035918
13-08-18,-0.0064526
14-08-18,0.0069876
16-08-18,-0.0043769
17-08-18,0.0075274
20-08-18,0.0070614
21-08-18,0.0016578
23-08-18,0.0010241
24-08-18,-0.0022145
27-08-18,0.0116682
28-08-18,0.0039814
29-08-18,-0.0039698
30-08-18,-0.0012915
31-08-18,0.0003169
03-09-18,-0.0084029
04-09-18,-0.0053573
05-09-18,-0.0037629
06-09-18,0.0052235
07-09-18,0.0045245
10-09-18,-0.0130295
11-09-18,-0.0131665
12-09-18,0.0073001
14-09-18,0.0127793
17-09-18,-0.0119364
18-09-18,-0.008688
19-09-18,-0.0039499
21-09-18,-0.0081224
24-09-18,-0.0157675
25-09-18,0.0091225
26-09-18,-0.0012334
27-09-18,-0.0068981
28-09-18,-0.0042905
01-10-18,0.0071223
03-10-18,-0.0136306
04-10-18,-0.0238528
05-10-18,-0.0266811
08-10-18,0.003063
09-10-18,-0.0045419
10-10-18,0.0154402
11-10-18,-0.0215533
12-10-18,0.0232396
15-10-18,0.0038195
16-10-18,0.0068728
17-10-18,-0.0124424
19-10-18,-0.014302
22-10-18,-0.0056582
23-10-18,-0.0096094
24-10-18,0.0076822
25-10-18,-0.0097655
26-10-18,-0.009373
29-10-18,0.0220189
30-10-18,-0.0051166
31-10-18,0.0184538
01-11-18,-0.0005921
02-11-18,0.0166226
05-11-18,-0.002748
06-11-18,0.0005701
07-11-18,0.0064958
09-11-18,-0.0012455
12-11-18,-0.0097306
13-11-18,0.0095686
14-11-18,-0.0005859
15-11-18,0.0038199
16-11-18,0.0061695
19-11-18,0.0076014
20-11-18,-0.0099597
21-11-18,-0.0052693
22-11-18,-0.006915
26-11-18,0.0096753
27-11-18,0.0053629
28-11-18,0.0040475
29-11-18,0.0121029
30-11-18,0.0016622
03-12-18,0.0006436
04-12-18,-0.0013093
05-12-18,-0.0079672
06-12-18,-0.0168554
07-12-18,0.0087302
10-12-18,-0.0191935
11-12-18,0.0057873
12-12-18,0.0178639
13-12-18,0.0050244
14-12-18,0.0012881
17-12-18,0.007672
18-12-18,0.001869
19-12-18,0.0053718
20-12-18,-0.0014224
21-12-18,-0.018052
24-12-18,-0.0084155
26-12-18,0.0062221
27-12-18,0.0046553
28-12-18,0.0074306
31-12-18,0.000244
03-01-19,-0.011142
04-01-19,0.0051629
07-01-19,0.0041436
08-01-19,0.0028176
09-01-19,0.0049064
10-01-19,-0.0030908
11-01-19,-0.0024626
14-01-19,-0.0053127
15-01-19,0.0138951
16-01-19,0.0003215
17-01-19,0.0013682
18-01-19,0.0001605
21-01-19,0.0050334
22-01-19,-0.0035669
23-01-19,-0.0083541
24-01-19,0.0016895
25-01-19,-0.0063826
28-01-19,-0.0110384
29-01-19,-0.0008769
30-01-19,-0.0000376
31-01-19,0.0168188
01-02-19,0.005789
04-02-19,0.0017074
05-02-19,0.0020252
06-02-19,0.0117154
07-02-19,0.0006283
08-02-19,-0.0113647
11-02-19,-0.0050075
12-02-19,-0.0052714
14-02-19,-0.0078799
15-02-19,-0.0020146
18-02-19,-0.0077813
19-02-19,-0.0034396
20-02-19,0.0123629
21-02-19,0.0050673
22-02-19,0.0001669
25-02-19,0.0081961
26-02-19,-0.0041176
27-02-19,-0.0026441
28-02-19,-0.0013094
01-03-19,0.0065786
05-03-19,0.0114098
06-03-19,0.0059659
07-03-19,0.0004705
08-03-19,-0.0020618
11-03-19,0.0120204
12-03-19,0.0119224
13-03-19,0.0035837
14-03-19,0.0001366
15-03-19,0.00737
18-03-19,0.0030936
19-03-19,0.0061245
20-03-19,-0.0009842
22-03-19,-0.005568
25-03-19,-0.0089597
26-03-19,0.0113614
27-03-19,-0.0033266
28-03-19,0.0109174
01-04-19,0.0085696
02-04-19,0.0037749
03-04-19,-0.0059121
04-04-19,-0.0039463
05-04-19,0.0058588
08-04-19,-0.0052675
09-04-19,0.0058124
10-04-19,-0.0075095
11-04-19,0.0010704
12-04-19,0.0040313
15-04-19,0.004028
16-04-19,0.0082804
18-04-19,-0.0029142
22-04-19,-0.0134734
23-04-19,-0.0015956
24-04-19,0.0129752
25-04-19,-0.0071934
26-04-19,0.0096936
30-04-19,-0.000553
02-05-19,-0.0019918
03-05-19,-0.0010661
06-05-19,-0.0097334
07-05-19,-0.0086521
08-05-19,-0.0120413
09-05-19,-0.0050751
10-05-19,-0.0020262
13-05-19,-0.011588
14-05-19,0.0066244
15-05-19,-0.0057966
16-05-19,0.0089719
17-05-19,0.0133294
20-05-19,0.0369154
21-05-19,-0.0100734
22-05-19,0.0024597
23-05-19,-0.006888
24-05-19,0.0160461
27-05-19,0.0068093
28-05-19,0.0003354
29-05-19,-0.0056712
30-05-19,0.0071495
31-05-19,-0.0019338
03-06-19,0.0139019
04-06-19,-0.0055341
06-06-19,-0.0147983
07-06-19,0.0022713
10-06-19,0.0043847
11-06-19,0.0035981
12-06-19,-0.0049642
13-06-19,0.0006593
14-06-19,-0.0076171
17-06-19,-0.012784
18-06-19,0.0016578
19-06-19,-0.0000043
20-06-19,0.0120002
21-06-19,-0.0090984
24-06-19,-0.0020854
25-06-19,0.0082737
26-06-19,0.0043318
27-06-19,-0.0005064
28-06-19,-0.0044504
01-07-19,0.0065104
02-07-19,0.0037672
03-07-19,0.0005416
04-07-19,0.0025175
05-07-19,-0.0113503
08-07-19,-0.0213824
09-07-19,-0.0002335
10-07-19,-0.0049325
11-07-19,0.007305
12-07-19,-0.0026246
15-07-19,0.0031032
16-07-19,0.0064073
17-07-19,0.0021351
18-07-19,-0.0077518
19-07-19,-0.0153188
22-07-19,-0.0063971
23-07-19,-0.0013353
24-07-19,-0.0052731
25-07-19,-0.001699
26-07-19,0.0028572
29-07-19,-0.0084276
30-07-19,-0.0092768
31-07-19,0.0029408
01-08-19,-0.0124123
02-08-19,0.0015801
05-08-19,-0.012253
06-08-19,0.0078849
07-08-19,-0.0084717
08-08-19,0.0163005
09-08-19,0.0069976
13-08-19,-0.0165442
14-08-19,0.0094776
16-08-19,0.0016682
19-08-19,0.0005522
20-08-19,-0.0033382
21-08-19,-0.0089226
22-08-19,-0.0162428
23-08-19,0.0081926
26-08-19,0.0211001
27-08-19,0.0042956
28-08-19,-0.0053353
29-08-19,-0.0088538
30-08-19,0.0068458
03-09-19,-0.0204431
04-09-19,0.0043295
05-09-19,0.0002997
06-09-19,0.0090616
09-09-19,0.0051935
11-09-19,0.0029674
12-09-19,-0.0047936
13-09-19,0.0084769
16-09-19,-0.0065368
17-09-19,-0.0168947
18-09-19,0.0021309
19-09-19,-0.0125316
20-09-19,0.0531911
23-09-19,0.0289156
24-09-19,-0.0010345
25-09-19,-0.0127716
26-09-19,0.0114508
27-09-19,-0.0050816
30-09-19,-0.0032965
01-10-19,-0.009983
03-10-19,-0.0040406
04-10-19,-0.0123078
07-10-19,-0.0043267
09-10-19,0.0167978
10-10-19,-0.0069608
11-10-19,0.0062753
14-10-19,0.0031933
15-10-19,0.0076844
16-10-19,0.0031238
17-10-19,0.0106725
18-10-19,0.0065163
22-10-19,-0.0063026
23-10-19,0.0013591
24-10-19,-0.0018528
25-10-19,0.0001123
30-10-19,0.0048571
31-10-19,0.0028158
01-11-19,0.0011071
04-11-19,0.0042639
05-11-19,-0.0020182
06-11-19,0.0040991
07-11-19,0.0038442
08-11-19,-0.0086496
11-11-19,0.0004451
13-11-19,-0.0061275
14-11-19,0.002673
15-11-19,0.0019668
18-11-19,-0.0009205
19-11-19,0.0046783
20-11-19,0.0049413
21-11-19,-0.0025585
22-11-19,-0.0045119
25-11-19,0.0133745
26-11-19,-0.0029858
27-11-19,0.0052336
28-11-19,0.0041692
29-11-19,-0.0078265
02-12-19,-0.0006511
03-12-19,-0.004482
04-12-19,0.0040853
05-12-19,-0.0020592
06-12-19,-0.0080627
09-12-19,0.0013421
10-12-19,-0.0067602
11-12-19,0.0044996
12-12-19,0.0051762
13-12-19,0.0095976
16-12-19,-0.0027096
17-12-19,0.0092127
18-12-19,0.0046568
19-12-19,0.0031133
20-12-19,0.0009869
23-12-19,-0.0007374
24-12-19,-0.0039306
26-12-19,-0.0072045
27-12-19,0.0098338
30-12-19,0.0008207
31-12-19,-0.0071312
01-01-20,0.0011546
02-01-20,0.0081839
03-01-20,-0.0045228
06-01-20,-0.0191059
07-01-20,0.0049946
08-01-20,-0.0022899
09-01-20,0.0158458
10-01-20,0.003348
13-01-20,0.0059355
14-01-20,0.0026562
15-01-20,-0.0015369
16-01-20,0.0009884
17-01-20,-0.000255
20-01-20,-0.0103462
21-01-20,-0.0044746
22-01-20,-0.0051726
23-01-20,0.0060667
24-01-20,0.0055746
27-01-20,-0.0105525
28-01-20,-0.005215
29-01-20,0.0061133
30-01-20,-0.007725
31-01-20,-0.0061234
03-02-20,-0.0212504
04-02-20,0.0232108
05-02-20,0.0091405
06-02-20,0.0040367
07-02-20,-0.0032625
10-02-20,-0.0055255
11-02-20,0.00635
12-02-20,0.0077057
13-02-20,-0.002176
14-02-20,-0.0050269
17-02-20,-0.0055847
18-02-20,-0.0044248
19-02-20,0.0111237
20-02-20,-0.0037153
24-02-20,-0.0208139
25-02-20,-0.0026629
26-02-20,-0.0101205
27-02-20,-0.0038704
28-02-20,-0.0370961
02-03-20,-0.0061598
03-03-20,0.0153196
04-03-20,-0.004627
05-03-20,0.0015999
06-03-20,-0.024807
09-03-20,-0.048956
11-03-20,0.000665
12-03-20,-0.0830194
13-03-20,0.0380651
16-03-20,-0.076121
17-03-20,-0.0250452
18-03-20,-0.0555645
19-03-20,-0.0242478
20-03-20,0.0583291
23-03-20,-0.1298047
24-03-20,0.0250714
25-03-20,0.0662475
26-03-20,0.0389044
27-03-20,0.0021755
30-03-20,-0.0437805
31-03-20,0.0382377
01-04-20,-0.0400047
03-04-20,-0.0205966
07-04-20,0.0876321
08-04-20,-0.0049419
09-04-20,0.0415088
13-04-20,-0.0129557
15-04-20,-0.0076219
16-04-20,0.0075628
17-04-20,0.0304633
20-04-20,-0.0005288
21-04-20,-0.0302747
22-04-20,0.0229194
23-04-20,0.01378
24-04-20,-0.0171249
27-04-20,0.0139714
28-04-20,0.0106224
29-04-20,0.018383
30-04-20,0.0320883
04-05-20,-0.0574448
05-05-20,-0.0094583
06-05-20,0.0070936
07-05-20,-0.0077501
08-05-20,0.0057017
11-05-20,-0.0013295
12-05-20,-0.0046162
13-05-20,0.0203337
14-05-20,-0.0256619
15-05-20,-0.0006454
18-05-20,-0.0343225
19-05-20,0.0063298
20-05-20,0.0211114
21-05-20,0.0043788
22-05-20,-0.0073576
26-05-20,-0.0011284
27-05-20,0.0316645
28-05-20,0.018803
29-05-20,0.0095047
01-06-20,0.0256621
02-06-20,0.0155655
03-06-20,0.0082623
04-06-20,-0.0032252
05-06-20,0.0112723
08-06-20,0.0024945
09-06-20,-0.011881
10-06-20,0.0069177
11-06-20,-0.0211692
12-06-20,0.0071602
15-06-20,-0.0159633
16-06-20,0.0102204
17-06-20,-0.0033135
18-06-20,0.0213032
19-06-20,0.0151363
22-06-20,0.0065206
23-06-20,0.0154977
24-06-20,-0.0158247
25-06-20,-0.0015914
26-06-20,0.0091457
29-06-20,-0.0067995
30-06-20,-0.0009989
01-07-20,0.0124198
02-07-20,0.0116635
03-07-20,0.005274
06-07-20,0.0147351
07-07-20,0.0033446
08-07-20,-0.0086948
09-07-20,0.01006
10-07-20,-0.0041985
13-07-20,0.0032179
14-07-20,-0.0180835
15-07-20,0.0010229
16-07-20,0.0114662
17-07-20,0.0150606
20-07-20,0.0110533
21-07-20,0.0127062
22-07-20,-0.0026563
23-07-20,0.0074422
24-07-20,-0.0018991
27-07-20,-0.0055699
28-07-20,0.0151593
29-07-20,-0.0086456
30-07-20,-0.0089887
31-07-20,-0.0025851
03-08-20,-0.0164222
04-08-20,0.0186979
05-08-20,0.0005769
06-08-20,0.0088726
07-08-20,0.001241
10-08-20,0.0050027
11-08-20,0.004645
12-08-20,-0.0012453
13-08-20,-0.000703
14-08-20,-0.0108004
17-08-20,0.0061457
18-08-20,0.0122921
19-08-20,0.0020246
20-08-20,-0.0084324
21-08-20,0.0052509
24-08-20,0.008341
25-08-20,0.0005058
26-08-20,0.0067423
27-08-20,0.0008356
28-08-20,0.0076432
31-08-20,-0.0223307
01-09-20,0.0072667
02-09-20,0.005645
03-09-20,-0.0006545
04-09-20,-0.0167947
07-09-20,0.0018705
08-09-20,-0.0033201
09-09-20,-0.0034769
10-09-20,0.0151844
11-09-20,0.0013276
14-09-20,-0.0021284
15-09-20,0.0071459
16-09-20,0.007182
17-09-20,-0.007622
18-09-20,-0.0009682
21-09-20,-0.0221123
22-09-20,-0.0086129
23-09-20,-0.0019546
24-09-20,-0.0293123
25-09-20,0.0226458
28-09-20,0.0160449
29-09-20,-0.0004586
30-09-20,0.002241
01-10-20,0.0150611
05-10-20,0.0075676
06-10-20,0.0138265
07-10-20,0.0065552
08-10-20,0.0081567
09-10-20,0.0067261
12-10-20,0.0014059
13-10-20,0.0002975
14-10-20,0.0030625
15-10-20,-0.0242836
16-10-20,0.0070289
19-10-20,0.0094028
20-10-20,0.0020003
21-10-20,0.0034337
22-10-20,-0.0034513
23-10-20,0.0028495
26-10-20,-0.0136291
27-10-20,0.0103376
28-10-20,-0.0134406
29-10-20,-0.0050129
30-10-20,-0.0024334
02-11-20,0.0022976
03-11-20,0.0123702
04-11-20,0.0080416
05-11-20,0.0177856
06-11-20,0.011819
09-11-20,0.0161046
10-11-20,0.0136465
11-11-20,0.009346
12-11-20,-0.0045768
13-11-20,0.002297
18-11-20,0.0049751
19-11-20,-0.0128727
20-11-20,0.0068393
23-11-20,0.0052415
24-11-20,0.0099563
25-11-20,-0.0150707
26-11-20,0.0100012
27-11-20,-0.0013898
01-12-20,0.0108027
02-12-20,0.0003585
03-12-20,0.0015366
04-12-20,0.0094907
07-12-20,0.0073311
08-12-20,0.0027853
09-12-20,0.0101658
10-12-20,-0.0037549
11-12-20,0.0026376
14-12-20,0.0032782
15-12-20,0.0007154
16-12-20,0.0084649
17-12-20,0.0042389
18-12-20,0.0014446
21-12-20,-0.031405
22-12-20,0.0103463
23-12-20,0.0100102
24-12-20,0.0108925
28-12-20,0.0090151
29-12-20,0.0042816
30-12-20,0.0035421
31-12-20,-0.0000143
01-01-21,0.0026284
04-01-21,0.0081607
05-01-21,0.0047124
06-01-21,-0.0037501
07-01-21,-0.0006292
08-01-21,0.0148472
11-01-21,0.0095837
12-01-21,0.0054333
13-01-21,0.0000961
14-01-21,0.0021112
15-01-21,-0.0110923
18-01-21,-0.0105587
19-01-21,0.0167947
20-01-21,0.0085083
21-01-21,-0.0037113
22-01-21,-0.0149722
25-01-21,-0.0092542
27-01-21,-0.0190605
28-01-21,-0.0107357
29-01-21,-0.0132404
01-02-21,0.0474235
02-02-21,0.0256736
03-02-21,0.0097011
04-02-21,0.0071468
05-02-21,0.00192
08-02-21,0.0128348
09-02-21,-0.00043
10-02-21,-0.0001853
11-02-21,0.0044219
12-02-21,-0.0006591
15-02-21,0.0099847
16-02-21,-0.0000816
17-02-21,-0.0068273
18-02-21,-0.0059143
19-02-21,-0.0090747
22-02-21,-0.0204282
23-02-21,0.0021873
24-02-21,0.0186432
25-02-21,0.0076992
26-02-21,-0.0376357
01-03-21,0.0159954
02-03-21,0.010673
03-03-21,0.0218847
04-03-21,-0.0108129
05-03-21,-0.0094591
08-03-21,0.0012117
09-03-21,0.0095078
10-03-21,0.0050601
12-03-21,-0.0094795
15-03-21,-0.0067494
16-03-21,-0.001276
17-03-21,-0.0126858
18-03-21,-0.011103
19-03-21,0.0127869
22-03-21,-0.0005154
23-03-21,0.0053167
24-03-21,-0.0179112
25-03-21,-0.0154302
26-03-21,0.012733
30-03-21,0.0232848
31-03-21,-0.0104007
01-04-21,0.0120246
05-04-21,-0.0154399
06-04-21,0.0031221
07-04-21,0.0092314
08-04-21,0.0036946
09-04-21,-0.0026187
12-04-21,-0.0353256
13-04-21,0.0135562
15-04-21,0.0052845
16-04-21,0.0024963
19-04-21,-0.017677
20-04-21,-0.0043908
22-04-21,0.0076768
23-04-21,-0.0044981
26-04-21,0.0100165
27-04-21,0.0116016
28-04-21,0.0144339
29-04-21,0.0020418
30-04-21,-0.0177108
03-05-21,0.0002085
04-05-21,-0.0094061
05-05-21,0.008371
06-05-21,0.0073164
07-05-21,0.0066792
10-05-21,0.0080414
11-05-21,-0.0061302
12-05-21,-0.0103867
14-05-21,-0.0012724
17-05-21,0.0167158
18-05-21,0.0123934
19-05-21,-0.0051594
20-05-21,-0.0082568
21-05-21,0.0180631
24-05-21,0.0014761
25-05-21,0.0007073
26-05-21,0.006115
27-05-21,0.0023788
28-05-21,0.0063764
31-05-21,0.0095331
01-06-21,-0.0005102
02-06-21,0.0000867
03-06-21,0.0073285
04-06-21,-0.001281
07-06-21,0.0051946
08-06-21,-0.0007333
09-06-21,-0.006655
10-06-21,0.0065493
11-06-21,0.0039141
14-06-21,0.0007912
15-06-21,0.0036302
16-06-21,-0.0064086
17-06-21,-0.0048295
18-06-21,-0.0005131
21-06-21,0.0040266
22-06-21,0.001667
23-06-21,-0.0054397
24-06-21,0.0065978
25-06-21,0.0044267
28-06-21,-0.0028782
29-06-21,-0.0041891
30-06-21,-0.0017113
01-07-21,-0.0026397
02-07-21,0.0026913
05-07-21,0.0071332
06-07-21,-0.0010168
07-07-21,0.0038816
08-07-21,-0.0095563
09-07-21,-0.0024225
12-07-21,0.0001784
13-07-21,0.007631
14-07-21,0.0026309
15-07-21,0.0044311
16-07-21,-0.0000502
19-07-21,-0.0107389
20-07-21,-0.007637
22-07-21,0.0122792
23-07-21,0.0020222
26-07-21,-0.0019929
27-07-21,-0.0049291
28-07-21,-0.0023529
29-07-21,0.0043954
30-07-21,-0.000976
02-08-21,0.007746
03-08-21,0.015461
04-08-21,0.0079382
05-08-21,0.0022019
06-08-21,-0.0034612
09-08-21,0.0012347
10-08-21,0.0013439
11-08-21,0.0001321
12-08-21,0.0050454
13-08-21,0.0100645
16-08-21,0.002054
17-08-21,0.0031123
18-08-21,-0.0027536
20-08-21,-0.0071429
23-08-21,0.0027932
24-08-21,0.0077684
25-08-21,0.0006046
26-08-21,0.0001353
27-08-21,0.0041053
30-08-21,0.0135198
31-08-21,0.0118804
01-09-21,-0.0032657
02-09-21,0.0092468
03-09-21,0.0051902
06-09-21,0.0031287
07-09-21,-0.0009035
08-09-21,-0.0004953
09-09-21,0.0009076
13-09-21,-0.0008031
14-09-21,0.0014232
15-09-21,0.0080235
16-09-21,0.0062816
17-09-21,-0.0025156
20-09-21,-0.0107051
21-09-21,0.0094902
22-09-21,-0.000874
23-09-21,0.0157465
24-09-21,0.0016973
27-09-21,0.0001064
28-09-21,-0.0059647
29-09-21,-0.0021015
30-09-21,-0.0052594
01-10-21,-0.004887
04-10-21,0.0090805
05-10-21,0.0074077
06-10-21,-0.0098921
07-10-21,0.0081803
08-10-21,0.0058936
11-10-21,0.002836
12-10-21,0.0025633
13-10-21,0.0094376
14-10-21,0.0097348
18-10-21,0.0075524
19-10-21,-0.0031553
20-10-21,-0.0082606
21-10-21,-0.0048449
22-10-21,-0.0034767
25-10-21,0.0005796
26-10-21,0.0078895
27-10-21,-0.0031448
28-10-21,-0.0194223
29-10-21,-0.0103935
01-11-21,0.0145997
02-11-21,-0.00227
03-11-21,-0.0033401
04-11-21,0.0049134
08-11-21,0.0084697
09-11-21,-0.0013449
10-11-21,-0.0014991
11-11-21,-0.0079701
12-11-21,0.0128206
15-11-21,0.0003701
16-11-21,-0.006088
17-11-21,-0.0055863
18-11-21,-0.0074782
22-11-21,-0.0196034
23-11-21,0.0049837
24-11-21,-0.0050447
25-11-21,0.0069595
26-11-21,-0.0290713
29-11-21,0.0016151
30-11-21,-0.0041486
01-12-21,0.0108166
02-12-21,0.0136746
03-12-21,-0.0117777
06-12-21,-0.0165409
07-12-21,0.0156365
08-12-21,0.0170609
09-12-21,0.0026961
10-12-21,-0.0003168
13-12-21,-0.0081691
14-12-21,-0.0024959
15-12-21,-0.0059741
16-12-21,0.0015678
17-12-21,-0.0152595
20-12-21,-0.0218425
21-12-21,0.0094287
22-12-21,0.0110072
23-12-21,0.0069093
24-12-21,-0.0040328
27-12-21,0.0048519
28-12-21,0.0086034
29-12-21,-0.0011403
30-12-21,-0.0005606
31-12-21,0.0087248
03-01-22,0.0156533
04-01-22,0.0101869
05-01-22,0.0067396
06-01-22,-0.0100054
07-01-22,0.0037642
10-01-22,0.0107003
11-01-22,0.0029133
12-01-22,0.0086731
13-01-22,0.0024956
14-01-22,-0.0001123
17-01-22,0.0028676
18-01-22,-0.0106537
19-01-22,-0.0096422
20-01-22,-0.0101124
21-01-22,-0.0078757
24-01-22,-0.0265679
25-01-22,0.0075135
27-01-22,-0.0097117
28-01-22,-0.0004793
31-01-22,0.0139107
01-02-22,0.0136679
02-02-22,0.0115578
03-02-22,-0.0123622
04-02-22,-0.0024999
07-02-22,-0.0172811
08-02-22,0.0030877
09-02-22,0.0114122
10-02-22,0.0081339
11-02-22,-0.0131263
14-02-22,-0.0306162
15-02-22,0.0302591
16-02-22,-0.0017433
17-02-22,-0.001016
18-02-22,-0.0016353
21-02-22,-0.0040316
22-02-22,-0.0066516
23-02-22,-0.0016937
24-02-22,-0.047781
25-02-22,0.0252617
28-02-22,0.008134
02-03-22,-0.0111916
03-03-22,-0.0064976
04-03-22,-0.015317
07-03-22,-0.0235267
08-03-22,0.0094748
09-03-22,0.0207263
10-03-22,0.0152674
11-03-22,0.0021422
14-03-22,0.0144826
15-03-22,-0.0123465
16-03-22,0.0187451
17-03-22,0.018362
21-03-22,-0.0098022
22-03-22,0.0115612
23-03-22,-0.0040339
24-03-22,-0.0013279
25-03-22,-0.0040499
28-03-22,0.0040226
29-03-22,0.0059982
30-03-22,0.0099825
31-03-22,-0.0019145
01-04-22,0.011778
04-04-22,0.0216718
05-04-22,-0.0053176
06-04-22,-0.0083392
07-04-22,-0.0094397
08-04-22,0.0082088
11-04-22,-0.0061515
12-04-22,-0.0081838
13-04-22,-0.0031175
18-04-22,-0.0172812
19-04-22,-0.0125192
20-04-22,0.0104902
21-04-22,0.0149417
22-04-22,-0.0126865
25-04-22,-0.0126951
26-04-22,0.0145601
27-04-22,-0.0094414
28-04-22,0.0121285
29-04-22,-0.0082632
02-05-22,-0.0019559
04-05-22,-0.0229362
05-05-22,0.0003028
06-05-22,-0.0162684
09-05-22,-0.0066662
10-05-22,-0.003791
11-05-22,-0.004492
12-05-22,-0.0222118
13-05-22,-0.0016352
16-05-22,0.0038112
17-05-22,0.0263219
18-05-22,-0.0011686
19-05-22,-0.0265327
20-05-22,0.028891
23-05-22,-0.003163
24-05-22,-0.0055228
25-05-22,-0.0061612
26-05-22,0.0090074
27-05-22,0.0112738
30-05-22,0.0188932
31-05-22,-0.0046124
01-06-22,-0.0037264
02-06-22,0.00637
03-06-22,-0.0026281
06-06-22,-0.0008894
07-06-22,-0.0092459
08-06-22,-0.003661
09-06-22,0.0074497
10-06-22,-0.0167677
13-06-22,-0.0263797
14-06-22,-0.0026816
15-06-22,-0.0025393
16-06-22,-0.0211284
17-06-22,-0.0043683
20-06-22,0.0037042
21-06-22,0.0188043
22-06-22,-0.0144193
23-06-22,0.0093004
24-06-22,0.0091665
27-06-22,0.008459
28-06-22,0.0011464
29-06-22,-0.003224
30-06-22,-0.0011931
01-07-22,-0.0017871
04-07-22,0.0052882
05-07-22,-0.0015472
06-07-22,0.0113182
07-07-22,0.0089495
08-07-22,0.005436
11-07-22,-0.0002836
12-07-22,-0.009725
13-07-22,-0.0057073
14-07-22,-0.0017537
15-07-22,0.006936
18-07-22,0.0142873
19-07-22,0.0038118
20-07-22,0.0110339
21-07-22,0.0051087
22-07-22,0.0068773
25-07-22,-0.0052902
26-07-22,-0.008848
27-07-22,0.0095822
28-07-22,0.0172937
29-07-22,0.013506
01-08-22,0.0105955
02-08-22,0.0003113
03-08-22,0.0024618
04-08-22,-0.0003537
05-08-22,0.0008917
08-08-22,0.0073344
10-08-22,0.0005507
11-08-22,0.0070859
12-08-22,0.002217
16-08-22,0.0071815
17-08-22,0.0066759
18-08-22,0.0006827
19-08-22,-0.0110295
22-08-22,-0.0150773
23-08-22,0.0049627
24-08-22,0.0015616
25-08-22,-0.0046862
26-08-22,0.0020803
29-08-22,-0.01401
30-08-22,0.0257843
01-09-22,-0.0121908
02-09-22,-0.0001911
05-09-22,0.0072039
06-09-22,-0.0005775
07-09-22,-0.0017671
08-09-22,0.0098925
09-09-22,0.0019439
12-09-22,0.0057757
13-09-22,0.0074542
14-09-22,-0.0036691
15-09-22,-0.007018
16-09-22,-0.0193849
19-09-22,0.0052137
20-09-22,0.0110088
21-09-22,-0.005495
22-09-22,-0.0049976
23-09-22,-0.0171557
26-09-22,-0.0179513
27-09-22,-0.0005231
28-09-22,-0.0087492
29-09-22,-0.0024023
30-09-22,0.0164258
03-10-22,-0.0121093
04-10-22,0.0229137
06-10-22,0.0033286
07-10-22,-0.0009895
10-10-22,-0.0042536
11-10-22,-0.0149324
12-10-22,0.0082461
13-10-22,-0.0063801
14-10-22,0.0100709
17-10-22,0.0073376
18-10-22,0.0101173
19-10-22,0.0014468
20-10-22,0.0029522
21-10-22,0.0007032
24-10-22,0.0087874
25-10-22,-0.0041961
27-10-22,0.0045649
28-10-22,0.0028106
31-10-22,0.0126722
01-11-22,0.0073951
02-11-22,-0.0034472
03-11-22,-0.0016673
04-11-22,0.0035702
07-11-22,0.0047276
09-11-22,-0.0025161
10-11-22,-0.0070937
11-11-22,0.0178332
14-11-22,-0.0011198
15-11-22,0.0040509
16-11-22,0.0003396
17-11-22,-0.0035715
18-11-22,-0.0019761
21-11-22,-0.0080677
22-11-22,0.0046393
23-11-22,0.0012635
24-11-22,0.011871
25-11-22,0.00155
28-11-22,0.0027008
29-11-22,0.0029791
30-11-22,0.0075356
01-12-22,0.0028867
02-12-22,-0.0061874
05-12-22,0.0002648
06-12-22,-0.0031175
07-12-22,-0.0044119
08-12-22,0.0026319
09-12-22,-0.0060588
